,0
0,María Marcela Cervantes Herrero
1,Agustín Leonardo Bravo Amaya
2,Isabel Samantha Cabello López
3,Nicolás Sebastián Cabello Arias
4,Isabella Laura Correa Morales
5,Isabella Laura Cabello Llorente
6,Paula Jennifer Calvo Amaya
7,Mariana Jimena Carretero Arias
8,Isabella Juliana Blanco Gallego
9,Marcela Isabel Blanco Herrera
10,Samuel Carlos Cabello Gutiérrez
11,Cristóbal Benjamín Castro Vargas
12,Juan José Andrés Calvo Rodríguez
13,Sara Alejandra Casado Oliva
14,Santiago Manuel Carmona Ramírez
15,Luciana Jimena Castro Herrera
16,Juan José Christian Carretero Cabello
17,Jimena Laura Correa Cortés
18,Ángel Esteban Carretero Bravo
19,Lucas Samuel Cervantes Marín
20,Lucas Leonardo Bravo Soto
21,Diego Simón Castro Reyes
22,Simón Juan José Correa Cabrera
23,Santiago Mateo Blanco Ochoa
24,Emma Antonella Blanco Reyes
25,Jennifer Antonia Carretero Delgado
26,Andrés Emilio Casado Pérez
27,Mateo Eduardo Carretero Esteban
28,Matías Javier Castro Carmona
29,Clara Mariana Casado Abad
