,0
0,Ricardo Pablo Castro Gutiérrez
1,Juan Francisco Cervantes Miranda
2,Elizabeth Simón Correa López
3,Camila Sofía Calvo Guerrero
4,Gabriela Paula Castro Benítez
5,José Pablo Castro Medina
6,Samuel Juan Pablo Casado Gómez
7,Juan Daniel Castro Nieto
8,Isabella Fernanda Casado Romero
9,Antonia Jimena Cabello Fernández
10,Elizabeth Felipe Correa Domínguez
11,Antonia Ana Castro Álvarez
12,Juan Esteban Castro Romero
13,Valentina Paula Cordero Bravo
14,Juan Leonardo Calvo García
15,Ana Emma Carmona Lucas
16,José David Calvo Prieto
17,Paula Lucía Casado Castro
18,Andrea Carolina Cordero Abad
19,Carolina María Carretero Ramírez
