,0
0,Sara Fernanda Cervantes Esteban
1,Antonia Carolina Blanco Sánchez
2,María José Mariana Carretero Moreno
3,Samantha Gabriela Bravo Moya
4,Elizabeth Javier Calvo Nieto
5,Nicolás David Castro Mesa
6,Simón Felipe Castro Gómez
7,Natalia Jimena Cordero Cabello
8,Gabriel Alexander Cabello Gallego
9,Adriana María Carmona Miranda
10,Sebastián Ángel Blanco Cervantes
11,Pablo Javier Castro Díaz
12,Carolina Victoria Cervantes Romero
13,Alejandro Leonardo Blanco Moya
14,José Andrés Cervantes Vega
15,María José Alejandra Cervantes Sánchez
16,Agustín Sebastián Correa Rubio
17,Mateo Alexander Casado Fernández
18,Andrés Ricardo Cabello Medina
19,Nicolás David Carmona Álvarez
