,0
0,Esteban Ángel Casado Ortega
1,Matías Agustín Carmona Carretero
2,Eduardo Juan Cabello Ríos
3,David Eduardo Castro Santana
4,Juliana Emma Carretero Gómez
5,María Isabel Bravo Nieto
6,Laura Adriana Casado Domínguez
7,Jennifer Valentina Casado Amaya
8,Andrés Francisco Bravo Iglesias
9,María Catalina Calvo Delgado
10,Natalia Ana Blanco Carretero
11,Andrés Simón Cervantes Moreno
12,Jennifer Clara Cabello Vidal
13,Antonia María Calvo Pérez
14,Cristóbal Eduardo Correa Llorente
15,Mariana Sofía Carmona Amaya
16,Andrea Sara Cabello Díaz
17,Carolina Valentina Carretero González
18,Catalina Antonia Casado Herrera
19,Sara Paula Correa Iglesias
20,Matías Tomás Carmona Luque
21,Gabriela Fernanda Carmona López
22,Elizabeth Mateo Carmona Llorente
23,Sebastián Andrés Blanco Ramírez
24,Sebastián Alejandro Carmona Soler
