,0
0,Jimena Samantha Cordero Vidal
1,Alejandro Juan David Cabello Martínez
2,Diego Simón Cordero Domínguez
3,Alejandra Sara Cervantes Delgado
4,Ricardo Mateo Cordero Pérez
5,Gabriela Sara Calvo Sánchez
6,Laura Isabel Carretero Muñoz
7,Andrés Samuel Calvo Mesa
8,Mauricio Christian Bravo Delgado
9,Pablo Benjamín Carretero Hidalgo
10,Carolina Valentina Carretero Linares
11,Miguel Francisco Cervantes Moya
12,Sebastián Carlos Cordero Oliva
13,Matías Mauricio Carretero Torres
14,Daniel Cristóbal Correa González
15,Lucas Mateo Carmona Moya
16,Andrés Samuel Correa Gómez
17,Daniel Miguel Carmona Iglesias
18,Esteban Gabriel Carmona Rubio
19,Ángel Matías Cervantes Pastor
20,Juan Pablo José Correa Herrero
21,Isabella Fernanda Correa Pascual
22,Antonella Isabella Castro Vega
23,María Sofia Castro Navarro
24,Samantha Antonia Cordero Ferrer
