Nombre,Código (sin grupo)
Álgebra y Trigonometría,ALG13
Cálculo Diferencial,CAD13
Geometría Vectorial y Analítica,GVA13
Vivamos la Universidad,VIV11
Inglés I,IN111
Lectoescritura,LEC13
Introducción a la Ingeniería Industrial,INT11
Gestión de las Organizaciones,GES23
Habilidades Gerenciales,HAG23
Álgebra Lineal,ALI23
Cálculo Integral,CAI23
Descubriendo la Física,DEF23
Inglés II,IN221
Gestión Contable,GEC33
Física Mecánica,FIM33
Inglés III,IN331
Algoritmia y Programación,AYP33
Probabilidad e Inferencia Estadística,PIE33
Teoría General de Sistemas,TGS33
Ingeniería Económica,INE43
Electiva en Física,ELF43
Inglés IV,IN441
Diseño de Experimentos y Análisis de Regresión,DEA43
Optimización,OPT43
Gestión de Métodos y Tiempos,GMT44
Gestión Financiera,GEF53
Laboratorio Integrado de Física,LIF51
Inglés V,IN551
Formación Ciudadana y Constitucional,FCC51
Dinámica de Sistemas,DIN53
Muestreo y Series de Tiempo,MST53
Procesos Estocásticos y Análisis de Decisión,PEA53
Gestión por Procesos,GPP53
Gestión Tecnológica,GTE63
Legislación,LEG63
Electiva en Humanidades I,EL163
Inglés VI,IN661
Simulación Discreta,SID63
Formulación de Proyectos de Investigación,FPI63
Normalización y Control de la Calidad,NCC63
Formulación y Evaluación de Proyectos de Inversión,FEP73
Emprendimiento,EMP72
Electiva en Humanidades II,EL273
Énfasis Profesional I,EN173
Electiva Complementaria I,EEC73
Diseño de Sistemas Productivos,DSP73
Gestión de Proyectos,GDP83
Electiva en Humanidades III,EL383
Énfasis Profesional I,EFP83
Electiva Complementaria I,EC183
Administración de la Producción y del Servicio,APS83
Electiva en Humanidades IV,EL493
Énfasis Profesional II,EN293
Electiva Complementaria II,EC293
Gestión de la Cadena de Abastecimiento,GCA93
Ingeniería del Mejoramiento Continuo,IMC93
Práctica Profesional,P1012