,0
0,Alejandro Lucas Blanco Iglesias
1,Isabel María José Correa Casado
2,Daniel Tomás Cervantes Benítez
3,Miguel Esteban Castro Soler
4,Juan David José Cervantes León
5,Ana Fernanda Cervantes Cruz
6,Antonella Fernanda Cordero Peralta
7,Alejandro Ángel Cabello Amaya
8,Mauricio Elizabeth Casado Ferrer
9,Leonardo Ángel Blanco Aguilar
10,Simón Samuel Bravo Luque
11,Fernanda Carolina Cordero Gutiérrez
12,Alejandro Mateo Castro Cervantes
13,Ana Sara Cordero Santana
14,Lucía Valentina Carretero Santana
15,María José Fernanda Bravo Martínez
16,Isabella Antonia Bravo Linares
17,Diego Simón Cervantes Cordero
18,Javier Christian Carmona Pascual
19,María Alejandra Cordero Ramos
20,Ángel Elizabeth Cervantes Abad
21,Victoria Daniela Cervantes Vargas
22,Diego Santiago Castro Oliva
23,Samuel Mauricio Cordero Reyes
24,Sofia Gabriela Calvo Cabello
