,0
0,Marcela Victoria Calvo Castro
1,Marcela María José Calvo Medina
2,Tomás Simón Cervantes Vidal
3,José Lucas Bravo Romero
4,Clara Laura Cordero Nieto
5,Jennifer Sara Bravo Calvo
6,Adriana Lucía Calvo Ortiz
7,Laura Luciana Castro Gallego
8,Elena Natalia Cervantes Arias
9,Juan David Agustín Cervantes Lucas
10,Juan David Manuel Correa Reyes
11,Jimena Daniela Casado Guerrero
12,Antonella Sofia Blanco Torres
13,Victoria Sofía Blanco Oliva
14,Sara Alejandra Bravo Herrero
15,Manuel Esteban Castro Correa
16,Ana Sara Cortés Guerra
17,Sara Sofia Cervantes Santana
18,Jimena Ana Carmona Guerra
19,Jimena Isabella Cabello Serrano
20,Adriana Isabella Bravo Carmona
21,Alejandra Carolina Cordero Moya
22,Benjamín Elizabeth Carmona Martínez
23,Eduardo Juan Bravo Ramírez
24,Samantha María José Bravo Oliva
25,Manuel Alejandro Cabello Ferrer
26,Manuel Esteban Cordero Molina
27,Emily Sara Cortés Miranda
28,Alexander José Carretero Herrera
29,Luciana Alejandra Carmona Romero
