,0
0,Catalina Victoria Calvo Peralta
1,Miguel Pablo Cabello Pastor
2,Laura Natalia Carretero Llorente
3,Valentina Isabel Carretero Domínguez
4,Felipe Gabriel Cabello Molina
5,José Andrés Casado Medina
6,Emily Paula Casado Navarro
7,Elena Carolina Cervantes González
8,Alejandro Andrés Calvo Vega
9,Juan Pablo Martín Carretero Carmona
10,Felipe Sebastián Casado Reyes
11,José David Castro Marín
12,Manuel Sebastián Blanco Guerrero
13,Carolina Catalina Castro Calvo
14,Lucía Gabriela Cervantes Pérez
15,Lucía Victoria Calvo Carmona
16,Jennifer Daniela Casado Nieto
17,Agustín Benjamín Castro Linares
18,Isabel Gabriela Blanco Bravo
19,Jennifer María José Casado Miranda
