,0
0,Agustín Manuel Carmona Casado
1,Clara Catalina Calvo Vidal
2,Antonella Luciana Carmona Mesa
3,Daniela Antonella Calvo Pascual
4,Victoria Fernanda Cortés Díaz
5,María José Laura Correa Robles
6,Samuel Miguel Cervantes Cabrera
7,Elena Antonella Blanco Linares
8,Sara Camila Correa Arias
9,Daniel Juan Pablo Castro López
10,Camila Fernanda Bravo Castro
11,Christian Simón Bravo Cabrera
12,Camila Daniela Cabello Varela
13,Fernanda Sara Cordero Morales
14,Cristóbal Juan Pablo Carmona Vargas
15,Andrés Tomás Carmona Alonso
16,Mauricio Daniel Calvo Reyes
17,Javier Manuel Cervantes Ortega
18,Laura Fernanda Calvo Vázquez
19,Emily Adriana Bravo Fernández
